"America-nsubj	1
"Bush-advmod	1
"Bush-advmod-xcomp-dobj-prep-pobj-vmod-dobj	1
"Cardoso-nsubj-ccomp	1
"Chavez-nsubj	1
"China-dep	1
"He-advmod	1
"He-nsubj-ccomp-prep-pobj-vmod-ccomp	1
"He-pobj-prep-nsubj	1
"He-pobj-prep-nsubj-conj	1
"His-nsubj-dep-rcmod-advcl-dobj-ref-nsubj-prep-pobj	1
"I-advmod	5
"I-advmod-xcomp-dobj	1
"I-amod	2
"I-dobj-nn	1
"I-nsubj	11
"I-nsubj-ccomp	2
"I-nsubj-ccomp-dobj	1
"I-nsubj-conj	1
"I-nsubj-dep-dobj-nn	1
"I-pobj-prep-pobj-prep-nsubj	1
"I-pobj-prep-pobj-prep-nsubj-ccomp	1
"I-pobj-prep-vmod-nsubj	1
"I-vmod	1
"Investors-nsubj-prep-conj	1
"Investors-nsubj-prep-pobj-vmod-prep-pobj-nn	1
"Koizumi-conj-nsubj-acomp	1
"Our-nn	1
"Our-nn-nsubj	1
"Our-nn-nsubj-ccomp	1
"SA-nsubj	1
"Taiwan's-amod-nsubjpass-advcl-prep-pcomp	1
"Taiwan's-amod-nsubjpass-advcl-prep-pcomp-dobj-rcmod-nsubj-nsubj-dobj	1
"The-ccomp	7
"The-ccomp-dobj-prep-pobj	1
"The-dobj	1
"The-nsubj-vmod	1
"The-rcmod	1
"They-advmod	2
"They-advmod-nsubj	1
"They-advmod-nsubj-vmod-prep-pobj	1
"They-advmod-rcmod-nsubj	2
"They-advmod-xcomp-conj	2
"They-amod	2
"Washington-nsubj-xcomp-prep-pcomp	1
"We-advmod	5
"We-advmod-advcl	2
"We-conj-pobj-prep-nsubj	1
"We-dobj-amod	1
"We-dobj-nn	1
"We-nn	2
"We-nsubj	23
"We-nsubj-advcl	1
"We-nsubj-ccomp	1
"We-nsubj-ccomp-conj	1
"We-nsubj-ccomp-nsubj-vmod	1
"We-nsubj-ccomp-prep-pobj	1
"We-nsubj-dobj	1
"We-nsubj-xcomp-conj	1
"We-nsubjpass	1
"We-nsubjpass-ccomp-ccomp-dep	1
"We-pobj-prep-nsubj	1
"We-pobj-prep-pobj-prep-nsubj-nsubj-xcomp-vmod-pcomp-prep-nsubj-dobj-dep	1
"We-pobj-prep-pobj-prep-nsubj-nsubj-xcomp-vmod-pcomp-prep-xcomp	1
"We-pobj-prep-pobj-prep-xcomp	1
"We-xcomp	1
"You-dep	1
"our-nn	1
"our-nn-dobj-conj	1
"the-amod	1
"the-amod-nsubj-ccomp-dep-dep	1
"the-amod-nsubj-ccomp-dep-dep-conj	1
"the-amod-nsubj-ccomp-nsubj	1
"they-advmod-conj-rcmod	1
"we-nsubj	4
"we-nsubj-conj-nsubj	1
"we-pobj-prep-rcmod-nsubj-ref-dobj-vmod-nsubj	1
''I-nsubj	2
'Shouters'-nsubj-ccomp	1
(CORR)Spanish-dobj-nn	1
(He-nsubj-conj	1
(NSO)-nsubj-rcmod-pobj-prep-nsubj-nsubj-advcl	1
(Rumsfeld-conj-dep	1
(the-ccomp-nsubj	1
(they-nn	1
(they-nn-dobj-vmod-vmod-dep-nsubj-ccomp	1
-advcl	1
-dobj-nsubj	1
-pobj-prep	1
AOL-nsubjpass	1
Abbas-nn	1
Abbas-nn-conj	1
Abbas-nn-conj-pobj-prep-pcomp-prep	1
Abbas-nn-conj-pobj-prep-pcomp-prep-conj	1
Abbas-nn-nsubj	1
Administration-pobj-prep-vmod	1
Administration-prep-pobj	1
Afghans,"-pobj-prep	1
Africa,-pobj-prep-nsubj	1
Africa-nn	1
Africa-pobj-prep	1
Africa-pobj-prep-vmod	1
Albrecht-dobj-vmod-nsubj-ccomp	2
Albrecht.-nsubj-dobj	1
Aleksandr-nn-dobj	1
America's-dobj	1
America's-dobj-conj	1
America's-nn	4
America-nsubj	3
America-nsubj-rcmod-pobj-prep-nsubjpass-ref-conj	1
America-nsubj-rcmod-pobj-prep-nsubjpass-ref-conj-vmod-prep-pobj	1
American-amod	2
Americans,-rcmod	1
Americans,-ref-nsubj-prep-pobj-vmod-ccomp	1
Americans-nsubj	1
Americans-nsubj-aux	1
Americans-nsubj-ccomp-nsubj	1
Americans-nsubj-conj-pobj-vmod	1
Americans-nsubjpass-xcomp-dobj	1
Annan-nn-nsubj	1
Annan-nn-nsubj-xcomp-dobj-ref-nsubjpass-dobj-ref-nsubj-dobj-rcmod	1
Annan-nsubj-prep-pobj-vmod-xcomp	1
Anselmi-nn-pobj-prep-xcomp-conj-dep	1
Arabs-pobj-prep	1
Arafat-nn	1
Arafat-nsubj	2
Argentina,-conj-pobj	1
Argentina-nsubj-dep	1
Argentines'-nn-nn	1
Argentines'-nn-nsubj-advcl-xcomp-advcl-nsubj	1
Argentines'-nn-nsubj-dobj	1
Argentines-nn-pobj-prep-nsubj	1
Argentines-pobj-prep-dobj-pcomp-prep-pcomp-prep-pobj-prep-vmod-pobj-prep	1
Arroyo-nsubj	2
Augusto-nsubj-ccomp	1
Australia's-nn	1
Australia,-pobj-prep-ref-nsubj-aux	1
Australia,-xcomp	2
Australia-nsubj	1
Australia-nsubj-ccomp	1
Aznar-pobj-cc	1
Backbenchers-nn-nn	1
Beijing's-nn	3
Beijing's-nn-pobj-prep-pobj-prep-ccomp-nsubj	1
Beijing's-pobj-prep-pobj-prep-pobj-prep-amod	1
Beijing-dobj	1
Beijing-nsubj	3
Beijing-nsubj-ccomp-conj	1
Beijing-prep-pobj	1
Beijing.-nsubj	1
Biti-nn-pobj	2
Blair-conj-nsubj	1
Blair-nsubj	1
Blair-nsubj-ccomp-ccomp	1
Blair-nsubj-xcomp-prep	1
Boat-nsubj-dobj-vmod-prep-pobj-vmod	1
Brazil-nsubj	2
Brazil-nsubj-advcl-nsubj	2
Brazil-nsubj-prep-pcomp-ccomp	1
Brazil-pobj	1
Brazil-pobj-prep	1
Britain's-dobj	1
Britain's-nn	1
Britain-nsubj	3
Britian,-nsubj	1
British-amod-nsubj-conj-prep-pobj	1
Buddha's-nn-nn	1
Buehn-nsubj-xcomp-ccomp-dobj	1
Burg-nsubj	1
Burg-vmod	1
Bush's-dep	1
Bush's-dep-ccomp-vmod-dobj-rcmod	1
Bush's-dobj-nsubj	1
Bush's-nn	6
Bush's-nn-dobj	3
Bush's-nn-dobj-conj-dep-conj	1
Bush's-nn-nsubj-ccomp	1
Bush's-nn-nsubj-pcomp-prep-vmod	1
Bush's-nn-pobj-prep	3
Bush's-nn-pobj-prep-conj	1
Bush's-nn-pobj-prep-dobj-pcomp-pcomp-prep-aux-xcomp	1
Bush's-nn-pobj-prep-pobj-prep-pobj-prep-prep-pobj-rcmod-prep-pobj	1
Bush's-nn-pobj-prep-rcmod	1
Bush's-nn-pobj-prep-rcmod-ccomp-prep-pobj	1
Bush's-nsubj	1
Bush's-nsubj-dep	1
Bush's-nsubj-xcomp-rcmod-conj-advcl	1
Bush's-pobj-prep-nsubj	1
Bush's-pobj-prep-nsubj-ccomp	1
Bush,-amod-dobj-xcomp-csubj	1
Bush,-pobj-prep	2
Bush,-prep	1
Bush,-rcmod	1
Bush,-ref-det	1
Bush,-ref-nsubj-conj	1
Bush,-ref-nsubj-dep	1
Bush-conj-nsubj	1
Bush-conj-pobj-prep-dep	1
Bush-conj-pobj-prep-nsubj	1
Bush-conj-pobj-prep-pcomp-prep-pobj-prep	1
Bush-dobj-pcomp-prep-xcomp-nsubj-prep-pcomp-conj	1
Bush-nn	1
Bush-nn-dobj	1
Bush-nn-nn	1
Bush-nn-nsubj-dep-ccomp-xcomp	1
Bush-nn-nsubj-dobj	1
Bush-nn-nsubj-pcomp-prep	1
Bush-nn-nsubj-pcomp-prep-conj-ccomp	1
Bush-nn-pobj	1
Bush-nn-pobj-prep-dobj-ccomp	1
Bush-nn-pobj-prep-dobj-nsubj-ref-rcmod-ccomp-dobj-rcmod	1
Bush-nn-pobj-prep-dobj-prep-pobj-prep-pobj-prep-pobj-vmod	1
Bush-nn-pobj-prep-nsubj-dobj-xcomp-rcmod	1
Bush-nn-pobj-prep-nsubj-dobj-xcomp-rcmod-dobj-xcomp-acomp-ccomp-xcomp-ccomp-nsubj-nn	1
Bush-nsubj	18
Bush-nsubj-ccomp	3
Bush-nsubj-ccomp-conj	1
Bush-nsubj-ccomp-dobj	1
Bush-nsubj-ccomp-nsubj	1
Bush-nsubj-ccomp-nsubj-nsubjpass-xcomp-prep-pobj-prep-pobj	1
Bush-nsubj-ccomp-pcomp-prep	1
Bush-nsubj-conj	2
Bush-nsubj-dobj-nsubj-dobj	1
Bush-nsubj-pcomp-prep-rcmod	1
Bush-nsubj-prep-pcomp	2
Bush-nsubj-prep-pobj	1
Bush-nsubj-prep-pobj-rcmod	1
Bush-nsubj-rcmod-dobj-xcomp	1
Bush-nsubj-rcmod-pobj-prep	1
Bush-nsubj-xcomp-advmod-dep	1
Bush-nsubj-xcomp-ccomp-dep-conj-prep-pobj	1
Bush-nsubjpass-prep-pobj	1
Bush-pobj-prep	2
Bush-pobj-prep-csubj	1
Bush-pobj-prep-csubj-conj-prep-pobj	1
Bush-pobj-prep-nsubj	1
Bush-pobj-prep-nsubj-advcl	1
Bush-pobj-prep-nsubj-aux	1
Bush-pobj-prep-nsubj-rcmod	1
Bush-pobj-prep-pobj-prep-pcomp-prep	1
Bush-pobj-prep-pobj-prep-pobj-prep	1
Bush-pobj-prep-pobj-prep-pobj-prep-conj	1
Bush-pobj-prep-prep-pcomp-acomp	1
Bush-rcmod	2
Bush.-nsubj	1
Bustani-nsubj	1
Bustani-nsubj-dobj-nsubj-xcomp-dep-dep	1
Bustani-nsubj-dobj-nsubj-xcomp-dep-dep-nsubj	1
CDU,-rcmod-xcomp	1
CTV-pobj-prep	1
Cabinet,-pobj	2
Canada-nsubj	1
Canada-nsubj-xcomp-xcomp	1
Canada-pobj-prep-nsubj	1
Cardoso-nsubj-ccomp	1
Cardoso-nsubj-ccomp-advcl-nsubj	1
Cardoso-nsubj-ccomp-nsubj	1
Carmona,-nsubj	1
Carmona-pobj-prep-nsubj-ccomp-ccomp-nsubj-ref-dobj-vmod	1
Carrico.-nsubj-dep	1
Caruana,-nn-rcmod	1
Caruana-nsubj-ccomp	1
Castro,-pobj-prep-ref-nsubj-conj	1
Castro,-pobj-prep-ref-nsubj-conj-ccomp-conj	1
Castro-nsubj	1
Castro-rcmod	1
Cavallo.-pobj-prep	1
Cavallo.-pobj-prep-vmod-pobj-prep-pobj-prep	1
Chang-conj-pobj-prep-pobj-prep-pobj-prep-advmod-ccomp	1
Chatterbox-nsubj-ccomp	1
Chavez's-nn	2
Chavez's-nn-dobj	1
Chavez's-nn-pobj	1
Chavez's-nn-prep-pcomp	1
Chavez's-nn-prep-pcomp-prep-pobj-rcmod	1
Chavez,-advcl	1
Chavez,-dobj-nsubj-nsubjpass-conj	1
Chavez,-nsubj-ref-rcmod-advcl-ccomp	1
Chavez,-ref-poss	1
Chavez-dobj	1
Chavez-nn	1
Chavez-nsubj	4
Chavez-nsubj-ccomp	2
Chavez-nsubj-ccomp-nsubj-nsubj-conj	1
Chavez-nsubj-conj	1
Chavez-nsubj-conj-ccomp	1
Chavez-nsubj-conj-dobj	1
Chavez-nsubj-dobj	2
Chavez-nsubj-prep	1
Chavez-nsubj-prep-pobj	1
Chavez-pobj-prep-pobj-prep-nsubj-ccomp-nsubjpass-nsubj-conj	1
Chavez-pobj-prep-pobj-prep-nsubj-ref-pobj-prep-pobj-prep-nsubj	1
Chavez-vmod	1
Chen,-pcomp-pcomp-prep-xcomp-advcl	1
Chen-nn-pobj	1
Chen-nn-vmod-ccomp	1
Chen-nsubj-advcl-advcl	1
Chen-pobj-prep-nsubj	1
Chien-pobj	1
Chien-pobj-prep-xcomp-ccomp	1
China's-amod	1
China's-nn	3
China,-ccomp	1
China,-nn-pobj-prep	1
China,-pobj-prep-ref-nsubj-conj	1
China-nsubj	9
China-nsubj-conj	1
China-nsubj-prep-pcomp	1
China-nsubj-prep-pobj	1
China-nsubj-prep-pobj-prep-pobj-prep-pcomp-dobj-vmod-dobj-vmod-ccomp	1
China-nsubj-xcomp-prep-pobj-vmod	1
China-pobj-prep-vmod-pobj-prep	1
China-vmod	2
China.-dobj	1
Chinese-nsubj	1
Chirac-nsubj	1
Chomsky,-advcl-ccomp-ccomp	1
Chong-nsubj-rcmod-nsubj	1
Chretien,-pobj-prep-nsubj-ccomp	1
Christiansen-nn	2
Citizen.-nsubj-dep	1
Collignon's-nn-pobj-prep-nsubjpass-advcl	1
Commission's-nn	1
Commission's-nn-dobj-vmod	1
Committee,-nsubj-dobj-vmod	1
Commons-nn-nsubj-ccomp-dep-conj	1
Commons-nn-nsubj-ccomp-dep-expl	1
Commonwealth's-nn-pobj-prep-pobj-prep-prep-pobj	1
Commonwealth-nsubj	2
Community.-pobj-prep-pobj-prep-dobj-prep-pobj	1
Congress-dep-pobj	1
Congress-vmod-prep-pobj	1
Convention-iobj-dobj	1
Cook.-pobj-pcomp-prep	1
Costello-nsubj-rcmod	1
Council-nsubj	2
Council-nsubj-ccomp	1
Cross-nsubj	1
Cross."-pobj	1
Cross.-pobj-prep-dobj	1
Cuban-amod	1
D-nsubj	2
Daily.-pobj-pcomp-prep-vmod	1
Daschle-nsubj	2
Daschle-nsubj-ccomp	1
Daschle-nsubj-prep-pobj-vmod-ccomp	1
Democrats,-advmod	1
Denktas-dobj-dep-ccomp-vmod-vmod-ccomp-prep-pobj	1
Denktas-nsubj-ccomp	1
Denktas-pobj-prep	1
Denktas-pobj-prep-advcl-ccomp-nsubj	1
Department-nsubj	1
Department-nsubj-dobj-vmod-ccomp	1
Department-vmod	1
Diet-nsubj	1
Diet-nsubj-advcl-aux	1
Diet-pobj-prep-dobj	1
Duhalde's-nn	1
Duhalde's-nn-pobj-prep	1
Duhalde-nsubj	4
Duhalde-pobj-prep-nsubj	1
EU-nn-nsubj-ccomp	2
EU-nn-nsubj-ccomp-dobj	1
EU-nsubj	5
EU-nsubj-xcomp-prep	1
EU-prep	1
EU-prep-pcomp-dobj	2
Eggleton,-rcmod-ccomp	1
Eggleton-nsubj-ccomp	1
Eisenhower-vmod	1
Espigares-pobj	1
Europeans-rcmod	1
Europeans.-pobj-prep	1
Executive-pobj-prep	1
Fermin,-ccomp	1
Fleischer,-dobj-dobj	2
Flores-dobj	1
Force-nsubj-ccomp	1
Forces-nsubj	1
Forum-pobj-prep-xcomp-ccomp	1
Fuel-conj	1
Fund-nsubj	1
GCEP-nsubj	2
Genoino-nn-pobj	2
Germany-pobj-prep	1
Germany-pobj-prep-rcmod	1
Gomez.-nsubj-dep	1
Government-dep	1
Government-nsubj	13
Government-nsubj-ccomp-conj	1
Government-nsubj-prep-pobj-prep-pobj-rcmod	1
Government-nsubj-xcomp-advcl	1
Government-nsubjpass	1
Government-pobj	2
Government-vmod	1
Greenpeace-nsubj	2
Greenpeace-pobj	1
Greenpeace-pobj-prep-dobj-conj	1
Gubert,-nsubj	1
Gudkov,-advcl-dobj-prep-pcomp	1
Gul-pobj-prep-nsubj-dep	1
Gul-pobj-prep-nsubj-dep-nsubjpass-rcmod	1
Hakansson-nn-nsubj-advcl-prep-pobj-rcmod	1
Hall-nsubj	1
Hall-nsubj-ccomp	1
Hameed-nn-pobj	1
Hameed-nn-pobj-prep-rcmod-dobj	2
Hansen,-nsubj-xcomp-dep-ccomp-conj	1
Hansen-nsubj	1
Harnden-dobj-prep-pobj	1
Harris-nsubj-advcl	1
Hassan-conj-pobj-prep-nsubj	1
Hatiboglu-pobj-prep-dobj	1
Hatiboglu-pobj-prep-pobj-prep	1
Hatiboglu-pobj-prep-pobj-prep-dep-ccomp-conj	1
Hatiboglu-vmod	1
Havana.-pobj-prep-prep-pobj	1
He-nsubj	1
He-nsubj-conj	1
Hitler's-nn	1
Hitler's-nn-pobj-prep-nsubj	1
Hizbullah-nsubj	1
Hneidi.-nsubj-dep	1
Hoagland-nn	1
House-nsubj	2
Howard-nsubj	1
I'm-acomp	1
I'm-conj-nsubj	1
I'm-nn	1
I-conj-nn	1
I-nn	1
I-nsubj	24
I-nsubj-advcl	1
I-nsubj-ccomp	6
I-nsubj-ccomp-ccomp-dep-prep-pobj-amod	1
I-nsubj-ccomp-nsubj-nsubj-prep-pobj-amod	1
I-nsubj-ccomp-nsubj-nsubjpass-xcomp-ccomp	1
I-nsubj-ccomp-rcmod-pobj-prep-dobj-nsubj-poss	1
I-nsubj-conj	1
I-nsubj-dobj	1
I-nsubj-nsubj	1
I-nsubj-rcmod-det	1
I-nsubj-xcomp	1
I-nsubj-xcomp-ccomp	2
I-nsubjpass	1
I.M.F.-nn	1
I.M.F.-pobj-prep	1
IMF-dobj-prep-pcomp	1
IMF-pobj-prep-vmod-pobj-prep-vmod-dobj-advcl	1
Indonesia's-nn-pobj-prep-xcomp	1
Indonesia-nsubj	1
Indonesia-nsubj-prep-pcomp	1
Institute-dobj-vmod-nsubj-ccomp	1
International-dep-vmod-pobj-prep	1
International-nn-nn	1
International-nn-nsubj	1
International-nn-nsubj-ccomp-advcl	1
International-nsubj	1
International-nsubj-prep-pobj-rcmod	1
International-nsubjpass	1
International-pobj	1
Iran,-nn-pobj-prep-dobj	1
Israel's-nn	3
Israel's-nn-pobj	1
Israel's-nn-pobj-prep-dobj-nsubj-ref-nsubj-conj	1
Israel's-nn-prep-pobj-ref-nsubj-dobj-rcmod	1
Israel's-vmod-dobj	1
Israel,-pcomp-prep-amod-pobj-prep	1
Israel-iobj-dobj-amod	1
Israel-nsubj	7
Israel-nsubj-dobj-nsubj-advcl-dep-conj	1
Israel-nsubj-dobj-nsubj-dep	1
Israel-pobj	2
Israel-pobj-prep-dep-vmod	1
Israel-pobj-prep-xcomp	1
Israel-vmod	1
Israeli-amod	3
Israeli-amod-dobj-conj-xcomp	1
Israelis-nsubj	4
Israelis-nsubj-rcmod-dobj-xcomp-advcl-conj	1
Ivanov-pobj-prep-pobj-prep-iobj	1
Ivashev-pobj-prep-dep	1
Japan,-dep-dobj-rcmod	1
Japan,-dep-dobj-rcmod-conj	1
Japan,-pcomp-prep	1
Japan,-pobj-prep-rcmod-pobj-prep-csubj	1
Japan,-vmod	1
Japan-nn-nsubj	1
Japan-nn-nsubj-rcmod-pobj-prep-pobj-prep	1
Japan-nsubj	5
Japan-nsubj-ccomp-vmod-pobj-prep-nsubj	1
Japan-pobj-prep-vmod-pcomp-prep	1
Japan-rcmod-conj-ccomp-ccomp	1
Japanese-amod-nsubj-dep	1
Jiaxuan-nsubj-dep	1
Jin-nn-nsubj-ccomp	1
Jordan's-nn	1
Jordan's-nn-dobj-dep-prep-pcomp	1
KMM-nsubj	1
Kao-nsubj-ccomp	1
Kao-nsubj-conj-ccomp-nsubj	1
Kapitsa-nn-dobj	1
Karzai-nsubj	1
Khamenei-nsubj	1
Khatami-nsubj	1
Khatami-nsubj-ccomp	2
Koizumi,-dobj-dep	1
Koizumi,-dobj-dep-conj	1
Koizumi,-rcmod	1
Koizumi-nsubj	1
Koizumi-nsubj-ccomp-conj	1
Koizumi-pobj-prep	1
Koizumi-pobj-prep-conj	1
Kong.-nsubj-dep	1
Kong.-nsubj-dep-ccomp	1
Koptev,-amod-pobj-pcomp-prep	1
Korea-advmod	1
Korea-dobj	1
Korea-dobj-conj	1
Koreas.-pobj	1
Lafer-nn	1
Lash-nn-pobj	1
Lash-nn-pobj-prep-dobj-xcomp-ccomp	1
Latin-nn-nsubj	1
Laurent-nn-pobj-prep	1
Lebatt,-dobj-ccomp	1
Lecaros-nn-cop	1
Leipold-nn-nsubj	1
Life-nsubj	1
Lin-nn-pobj	1
Lin-nsubj-ccomp-nsubj-nsubj-vmod	1
Lorne-nn-nsubj	1
Lucas-nn-conj-pobj-prep-nsubj-nsubj-xcomp-advcl	1
M.-nn-dobj-vmod-pobj-prep-vmod-pobj-pcomp-dep-ccomp-xcomp	1
MDC-dobj	1
MDC-nsubj	2
MDC.-dobj-pcomp-prep	1
Ma-nn-pobj	2
MacLean.-nsubj-dep-dep-csubj	1
Madrid-nsubj-conj	1
Mahathir-dobj	1
Mail-dobj-prep-pobj-ref-pobj-prep-dobj	1
Makumbe,-ccomp-ccomp	2
Malan,-ccomp	2
Malan,-num-dep	1
Malan-pobj	1
Malan-pobj-prep-nsubj-dep-vmod-vmod-vmod-dobj-rcmod	1
Malaysia-nsubj	1
Malinga-nn-pobj	1
Mao-nn	1
Maosheng,-rcmod	1
Martha,-nsubj-dep-nsubj	1
Maureen's-nn-pobj-prep-dep-ccomp-ccomp-conj-dobj-amod	1
Mbeki's-nn	2
Mbeki's-nn-dobj-ccomp	1
Mbeki,-amod-dobj-dep	1
Mbeki-nsubj	1
Mbeki-pobj-prep	1
Mbeki-pobj-prep-dobj-ccomp-xcomp-conj	1
Medvedev.-nsubj-dep	2
Mexico's-nn	1
Mexico-nn	1
Mexico-nsubjpass-prep-pobj-rcmod-conj	1
Miller-nsubj	1
Miller-nsubj-dobj	1
Minister-nsubj-ccomp	1
Minister-nsubj-rcmod-pobj-prep-nsubj-ref	1
Minister-nsubj-rcmod-pobj-prep-pcomp	1
Minister-nsubj-rcmod-ref-mark-conj	1
Ministers-nsubj-prep-pobj	1
Ministry-nsubj	1
Misuari-nsubj	1
Mkapa-nn	1
Mkapa-nn-nsubj	1
Mkapa-nn-pobj-prep-pobj-prep-dobj-vmod	1
Mohamad-nsubj	1
Motsuenyane-nsubj-ccomp	1
Motsuenyane-nsubj-ccomp-xcomp-ccomp	1
Moyo-nn-pobj	1
Moyo-nn-pobj-prep-ccomp	1
Moyo-nn-pobj-prep-nsubj-ref-rcmod-ccomp-conj-ccomp	1
Mr.-nn	3
Mr.-nn-dobj	1
Mr.-nn-dobj-conj-ccomp	1
Mr.-nn-nsubj-advcl-ccomp-dobj-tmod	1
Mr.-nn-nsubjpass	1
Mr.-nn-nsubjpass-ccomp	1
Mr.-nn-pobj	1
Mr.-nn-pobj-prep	1
Mr.-nn-pobj-prep-nsubjpass-nsubj-ccomp-ccomp	1
Mr.-nn-pobj-prep-pobj-prep-pobj-prep-dobj	1
Mrs.-nn-nn	1
Mrs.-nn-nsubjpass-auxpass	1
Mrs.-nn-pobj-prep-rcmod-pobj-prep	1
Mubarak-nsubj-prep-pcomp	1
Mudenge-rcmod-prep-pobj-rcmod-conj	1
Mudenge-vmod-ccomp	1
Mugabe's-nn	1
Mugabe's-nn-pobj-prep	1
Mugabe,-nsubj-ref-rcmod-prep-pobj-vmod	1
Mugabe-conj-nsubj	1
Mugabe-dobj	1
Mugabe-nn	1
Mugabe-nn-nsubj	1
Mugabe-nn-nsubj-advcl	1
Mugabe-nn-pobj-prep-dobj-advcl-dep	1
Mugabe-nsubj	6
Mugabe-nsubj-ccomp	1
Mugabe-nsubj-ccomp-dobj-rcmod	1
Mugabe-nsubj-ccomp-dobj-rcmod-ccomp	1
Mugabe-nsubj-dobj-prep-pobj-rcmod	1
Mugabe-nsubj-rcmod-dobj	1
Mugabe-nsubj-rcmod-nsubj	1
Mugabe-pobj	1
Mugabe-pobj-prep	2
Mugabe-pobj-prep-vmod	1
Mugabe-pobj-prep-vmod-csubj-ccomp	1
Mugabe-vmod	1
Mugabe-vmod-xcomp-dobj-rcmod	1
Mugabe.-dobj-advcl	1
Mugabe.-dobj-advcl-advmod	1
Mugabe.-dobj-aux	1
Mugabe.-nsubj-dep	2
Mujahiddin-nsubj	1
Mwanawasa-nn-pobj	1
Mwanawasa-nsubj	1
Mwanawasa-nsubj-ccomp	1
Mwanawasa-pobj-prep-nsubj-advcl	1
NGOs-det	1
NGOs-dobj-vmod-ccomp-dep-ccomp-nsubjpass	1
NGOs-nsubj	2
NGOs-nsubj-ccomp	1
NGOs-nsubj-ccomp-ccomp-conj-prep-pcomp	1
NGOs-nsubj-ccomp-nsubj-prep-pobj-ref-nsubj-ccomp	1
NGOs-nsubj-ccomp-nsubj-prep-pobj-ref-nsubj-ccomp-prep-pcomp-conj	1
NGOs-nsubj-conj	1
NGOs-pobj-prep-pobj-prep-vmod-ccomp-ccomp-xcomp	1
Nakajima-dobj-ccomp	1
Namibia-rcmod-ccomp	1
Nations.-pobj-prep-xcomp-vmod-pobj-prep-prep-pobj-prep-pobj	1
Nazarbayev-rcmod-ccomp	1
Nazarov-pobj-prep-nsubj-ccomp-ccomp	1
Network-ref-nsubj-conj	1
News-pobj-prep-ccomp-nsubj	1
Noble-nn-dobj	1
Nogami-nn-nn	1
Nogami-nn-nsubj-prep-pobj-vmod	1
North-nn	1
North-nn-dobj-xcomp	1
Nouvel-nn-nsubj-rcmod-nsubj	1
O'Neill-conj-pobj-prep-dobj-pcomp-prep	1
O'Neill-conj-pobj-prep-dobj-pcomp-prep-nsubj	1
O'Neill-nsubj	1
OPEC,-pcomp	1
OPEC-nsubj	1
OPEC-pobj-prep-prep-pobj-prep-pobj	1
Okere-pobj-prep-pobj-prep	1
Okere-pobj-prep-pobj-prep-nsubj-prep-pcomp-prep-pobj-vmod-dobj	1
Organization-dobj-pcomp-prep-dep-ccomp	1
PF-nsubj	1
Pakistan-nn-nsubj-ccomp-xcomp	1
Pakistan-nsubj	5
Pakistan-nsubj-dobj-rcmod-ccomp	2
Pakistanis-pobj-prep-rcmod	1
Palestine.-dobj	1
Palestinian-nsubj	1
Palestinians,-rcmod	2
Palestinians-nsubj	6
Palestinians-nsubj-prep-pobj-conj	1
Palestinians-nsubjpass	1
Palestinians-pobj-prep	2
Palestinians-pobj-prep-csubj-xcomp	1
Palestinians-pobj-prep-csubj-xcomp-ccomp	1
Palestinians-pobj-prep-csubj-xcomp-ccomp-ccomp	1
Palestinians-rcmod	1
Panel-nsubj-conj	1
Pao-nsubj-ccomp-dep-nsubj-nsubj-xcomp-conj-ref-nsubj-prep	1
Pao-nsubj-ccomp-dep-xcomp	1
Paritzky's-num	1
Parliament-nsubj	1
Parliament-nsubj-prep-pcomp	1
Parties-nsubj	1
Parvin-conj-pobj-prep-pobj-prep-nsubj-prep-pobj-prep-pcomp-ccomp	1
Parvin-pobj	1
Parvin-pobj-prep-dobj-pcomp-prep-dep	1
Patrick-nn	1
Pentagon's-nn-pobj-prep	1
Pentagon's-nn-pobj-prep-pobj-prep	1
Pentagon-nsubj	3
Peronists,-ref-nsubj-ccomp	1
Peronists,-ref-nsubj-ccomp-prep-pcomp	1
Philippines-dobj-prep-pobj	1
Powell's-nn-dobj	1
Powell's-nn-nsubj	1
Powell's-nn-nsubj-dobj	1
Powell's-nn-pobj-prep-advcl-vmod-pobj-prep-dobj-ccomp	1
Powell's-nn-pobj-prep-dobj	1
Powell-nn-pobj-prep-pobj-prep	1
Powell-nsubj	1
Powell-nsubj-rcmod-ref-mark-xcomp	1
Powell-pobj-prep-pobj-prep-nsubj-nsubj-ccomp-conj-vmod-nsubj-ccomp	1
Powell-pobj-prep-pobj-prep-nsubj-nsubj-ccomp-conj-vmod-nsubj-ccomp-ccomp	1
Powell-pobj-prep-pobj-prep-nsubj-nsubj-ccomp-conj-vmod-nsubj-ccomp-csubj	1
Prescott-dobj-vmod-conj	1
Prescott-pobj	1
President's-amod-conj	1
President-nn	1
President-nn-conj	1
President-nn-pobj-prep	1
President-nn-rcmod	1
President-nsubj-ccomp-nsubj	1
President-nsubj-csubj	1
President-nsubj-prep-pcomp-dobj-ref-nsubj-prep-pobj	1
President-nsubj-rcmod	1
President-pobj-prep	1
President-rcmod	2
Priyatna-nn-dobj	1
Priyatna-nsubj	1
Putin-nsubj	1
Putin-nsubj-ccomp	1
Rangel-pobj-prep-pobj-prep	1
Rasmussen-nsubj-rcmod-dobj	1
Rees-conj-nsubj-pcomp-prep	1
Republic-nsubj	1
Rice-nsubj-rcmod	1
Rincon-nsubj-vmod-dobj-rcmod	1
Rincon-vmod	1
Rivas.-dobj-ccomp	1
Robinson's-amod	1
Rodriguez-nn-pobj-prep-pobj-prep-advcl-advmod-vmod-dobj-conj	1
Roosevelt-pobj-prep-rcmod-pobj-prep-nsubj	1
Rumsfeld,-amod	1
Rumsfeld-conj-vmod	1
Rumsfeld-conj-vmod-dobj	1
Rumsfeld-dep	2
Rumsfeld-dobj-nsubj	1
Rumsfeld-nn-dobj	1
Rumsfeld-nsubj-ccomp	1
Rumsfeld-nsubj-ccomp-nsubj	1
Rumsfeld-vmod	1
Rumsfield,-nsubj	1
Rumsfield,-nsubj-advcl	1
Rushailo-nn-pobj	1
Russia-nsubj	3
Russia-nsubj-dep-conj-vmod	1
Russia-nsubj-prep	1
Russian-amod	1
S.-nsubj	1
Saa's-nsubj	1
Sachs-nsubj	1
Sachs.-nsubj-dep	1
Sadc-nsubj	1
Saiful-amod-dobj	1
Saudi-amod	1
Saudi-amod-pobj	1
Secretary-nn-pobj-prep	1
Secretary-nn-vmod	1
Secretary-nsubj	1
Sekeramayi-nsubj-ccomp-xcomp	1
Seoul,-pcomp-prep	1
Shakir-nn-nsubj-dep	1
Shapiro,-acomp-conj	1
Sharon,-pobj	1
Sharon-nn	1
Sharon-nsubj	2
Sharon-nsubj-conj	1
Sharon-pobj-prep-nsubj-ccomp-nsubj-conj	1
Shengjie-dobj-ccomp	1
Shimbun-pobj-prep-pobj-prep-vmod-pobj-prep-nsubj	1
Shinozaki,-ccomp-parataxis	1
Shivute:-amod	1
Shui-nsubj	1
Shuttleworth-nn	1
Shuttleworth-nn-dobj	1
Shuttleworth-nn-nn	1
Shuttleworth-nn-nsubj	1
Sidibe.-dobj-dep-advcl-dobj-amod	1
Sino-amod	1
Soto's-nn	1
Soto-conj-pobj-prep-vmod-nsubj	1
Soto-nn	1
Soto-nsubj-prep-pcomp-dobj-nsubj-dobj-prep-pobj	1
Soto-pobj-prep-pobj-prep	1
Statement-pobj-prep-nsubj	1
States,-dobj	2
States,-nsubj	1
States,-pobj-pcomp-prep	1
States,-pobj-prep-prep-pobj	1
States,-vmod-ccomp-conj	1
States-amod	1
States-det	3
States-dobj	2
States-dobj-advcl	1
States-dobj-conj-ccomp	1
States-dobj-pcomp	1
States-dobj-pcomp-prep-pobj-prep-nsubj-prep-pobj-vmod	1
States-dobj-prep-pobj	1
States-dobj-xcomp-conj	1
States-dobj-xcomp-conj-conj	1
States-dobj-xcomp-csubj-conj-xcomp-prep-pobj-prep-pobj	2
States-dobj-xcomp-csubj-dobj	2
States-nsubj	35
States-nsubj-ccomp	4
States-nsubj-ccomp-ccomp-conj	1
States-nsubj-ccomp-nsubj-ccomp	1
States-nsubj-ccomp-pcomp-prep	1
States-nsubj-conj	2
States-nsubj-conj-dobj	1
States-nsubj-conj-prep-pobj	1
States-nsubj-dep	2
States-nsubj-dobj	1
States-nsubj-prep-pobj	2
States-nsubj-prep-pobj-amod	1
States-nsubj-rcmod	1
States-nsubj-ref-nsubj-conj-xcomp	1
States-nsubj-xcomp-ccomp	1
States-nsubj-xcomp-prep-pcomp	1
States-nsubjpass	3
States-pobj	1
States-pobj-prep	2
States-pobj-prep-dobj-conj	1
States-pobj-prep-dobj-vmod-ccomp-dobj-prep-pobj-vmod-prep-pobj	1
States-pobj-prep-nsubj	1
States-pobj-prep-nsubj-ccomp	1
States-pobj-prep-pobj-prep-prep-pcomp	1
States-pobj-prep-pobj-prep-prep-pobj-prep-pcomp-advcl-csubj	1
States-pobj-prep-rcmod-nn-conj	1
States-pobj-prep-vmod-dobj	1
States-pobj-prep-vmod-dobj-vmod-conj	1
States-pobj-prep-xcomp	1
States-prep-pcomp	1
States-rcmod	2
States-vmod	2
States.-pobj	2
Straw-nsubj-prep-pobj-rcmod	1
Straw-nsubj-xcomp-ccomp	1
Suhakam's-nn	1
Suhakam's-nn-dobj-nsubj-nsubj-conj	1
Syed-nn-conj	1
Syed-nn-conj-pobj-prep-conj-nsubj	1
Taipei's-nn	1
Taiwan's-nn	2
Taiwan,-pobj	1
Taiwan,-ref-nsubj-vmod-vmod	1
Taiwan-dobj	1
Taiwan-nn-nsubj	1
Taiwan-nn-nsubjpass-advcl-xcomp	1
Taiwan-nsubj-ccomp-prep-pobj-ref-pobj-prep	1
Tang-nn	1
Tang-nn-cop	1
Tang-nn-nn	1
Tang-nn-nsubj-prep	1
Tang-nn-pobj-prep-pobj	1
Tang-nn-pobj-prep-pobj-prep-conj-vmod-conj-ccomp	1
Tang-nn-vmod	2
Tang-nn-vmod-dobj	1
Tbeishat-nsubj-ccomp	1
Teheran's-nn	1
Tehran,-ccomp	1
Tehran,-ccomp-conj	1
Thailand,-ccomp-ccomp	1
They-nsubj	1
They-nsubj-ccomp-prep-pobj-ref-dobj-conj-dep-ccomp	1
They-nsubj-rcmod-conj-cc	1
Thousands-dep-dep-dep	1
Thousands-dep-dep-dep-nsubj	1
Tobin-nsubj-acomp	1
Today-nsubj	1
Tsai-nsubj-prep-pcomp-ccomp	1
Tsvangirai-dobj-prep-pcomp	2
Tsvangirai-dobj-xcomp-dobj-rcmod	2
Tsvangirai-nn-vmod	2
Tsvangirai-nsubj	1
Turover-nsubj	2
Turover-nsubj-prep-pobj-ref-pobj-prep	1
Turover-nsubj-prep-pobj-ref-pobj-prep-dobj	1
Turover-nsubj-prep-pobj-ref-rcmod-prep-pcomp-prep-pobj-prep-pobj-rcmod-nsubjpass	1
U.S,-nsubj	1
U.S.-det	1
U.S.-nn	9
U.S.-nn-conj-pobj-prep-pobj-prep-dobj-vmod-nsubj	2
U.S.-nn-dobj-conj	1
U.S.-nn-nn	1
U.S.-nn-nsubj	1
U.S.-nn-nsubj-prep-pobj	1
U.S.-nn-pobj	1
U.S.-nn-pobj-prep	1
U.S.-nn-pobj-prep-conj	1
U.S.-nn-pobj-prep-vmod-ccomp	1
US,-pobj	1
US,-pobj-prep	1
US,-rcmod	1
US,-ref-nsubj-vmod	1
US-det	1
US-dobj	1
US-nn	11
US-nn-nn	1
US-nn-nsubj	1
US-nn-nsubj-xcomp-vmod	1
US-nn-pobj-prep-advcl-ccomp-conj-nsubj	1
US-nn-pobj-prep-nsubj	1
US-nn-rcmod	1
US-nsubj	12
US-nsubj-advcl	1
US-nsubj-ccomp	1
US-nsubj-dep-conj-prep-pobj-rcmod-prep-pobj	1
US-nsubj-dobj	1
US-nsubj-pcomp	1
US-nsubj-prep-pcomp-dobj	1
US-nsubj-prep-pobj	1
US-pobj	2
US-pobj-prep	1
US-pobj-prep-vmod-nsubj-advcl-dobj	1
US-prep-pobj-prep-pobj-rcmod	1
United-nn	1
Venezuela's-dep-nsubj-vmod	1
Venezuela-nsubj	1
Venezuela-pobj	1
Venezuelans-conj-pobj-prep-dobj-vmod-ccomp-dobj-prep	1
Venezuelans-nn	1
WTO-det	1
WTO-nn-pobj	1
WTO-nsubj	2
Walleyn-pobj-prep-pobj-prep	1
Walleyn-pobj-prep-pobj-prep-prep-pobj-conj-vmod	1
Wang-nsubj	1
Warrior-nsubj	1
Warrior-nsubj-xcomp-dobj-nsubj-vmod	1
Warrior-nsubj-xcomp-dobj-nsubj-vmod-xcomp	1
Washington's-nn	1
Washington's-nn-nsubjpass-prep-pobj	1
Washington's-nn-pobj-prep	1
Washington's-rcmod	1
Washington,-acomp	1
Washington,-pobj-prep-conj	1
Washington-conj-pobj-prep-nsubj	2
Washington-nsubj	8
Washington-nsubj-advcl-ccomp-advcl-advcl	1
Washington-nsubj-prep-pobj-amod	1
Washington-pobj	1
Washington-vmod	1
We-nsubj	1
We-nsubj-advcl-nsubjpass	1
Welsdan,-vmod	1
West-acomp-advmod	1
West-dobj	1
West-nn	1
West.-pobj	1
West.-pobj-prep-prep-pobj	1
Western-amod	1
Wisma-nn-nsubj	1
Wolfowitz's-nn	1
Wu-nn-dobj	1
Xirao-nsubj-dep	2
Xirao-xcomp-ccomp	1
Ylieff-dep-pobj-prep-dobj-xcomp	1
Yongjian,-ccomp-advcl	1
Yoon-nn-dobj-nsubj-rcmod-xcomp	1
ZANU-det	1
ZANU-nn	1
ZANU-nn-pobj	1
ZANU-nsubj-rcmod-prep-pobj	1
ZESN,-nsubj	1
Zaydan-nn-conj-pobj-prep-pcomp-prep-advmod-conj	1
Zhang,-advmod-dep	1
Zhang,-advmod-nsubj	1
Zhang,-pobj	1
Zhang,-vmod	1
Zhang-nn-amod	1
Zhang-nn-nsubj	1
Zhang-nn-nsubj-dep	1
Zimbabwe-nsubj	1
Zimbabwe-nsubj-prep-pcomp	1
Zimbabwe-pobj-prep	1
Zimbabweans-pobj-prep-prep-pobj-conj	1
Zuma-nsubj-ccomp-conj	1
[Prophet-amod-prep	1
`We-advcl	1
``He-advmod	1
``I,-nsubj	1
``I,-nsubj-prep-pobj-rcmod-dobj	1
``I-amod	1
``I-nsubj	3
``I-nsubj-ccomp-advcl	1
``They-rcmod	1
``We-nsubj	1
a-det-nsubj	1
administration's-dobj	1
administration's-dobj-nsubj-ccomp	1
administration-det	1
administration-nsubj	6
administration-nsubj-prep-pcomp-ccomp	1
administration-nsubjpass	2
administration-nsubjpass-prep-pcomp	1
administration-pobj	1
administration-pobj-prep	3
administrations,-nsubj	1
administrations-pobj-prep-vmod-ccomp	1
administrations-pobj-prep-vmod-ccomp-conj-xcomp	1
advocates-nsubj-ccomp	1
agency-nsubj	1
agent-dobj-prep-pobj-prep-pobj-rcmod	1
all-det	1
allies-nsubj	1
allies-nsubj-prep-pobj	1
allies-pobj-prep-pobj-prep-pobj-prep-xcomp-pcomp-prep-prep-pcomp-prep	1
allies.-dobj	1
ambassador-nsubj-ccomp	1
an-det	1
an-det-dobj-ccomp-xcomp	1
analysts-nsubj	1
analysts-pobj-prep-vmod-pobj-prep-nsubj	1
and-cc	3
and-cc-nsubjpass	1
and-cc-pobj	1
and-cc-pobj-prep	1
and-cc-pobj-prep-conj-ccomp	1
another-pobj-prep-dobj	1
antiglobalists-nsubj	1
antiglobalists-nsubj-ccomp	1
anybody-nsubj	1
anybody-nsubj-xcomp	2
anyone-dobj-nsubj-nsubj-conj-dobj-prep-pobj-rcmod	1
anyone-nsubj	1
anyone-rcmod	1
anyone-vmod	1
army.-pobj-prep	1
association-nsubj	1
associations.-pobj-prep	1
attending-xcomp-dobj	1
authorities-nsubj	1
authorities-nsubj-conj	1
authorities-pobj-prep-vmod	1
authorities-vmod	1
authors,-dep-prep	1
autocrat-dobj-acomp	1
barbarians-ref-dobj-ccomp-ccomp	1
barbarians-ref-dobj-ccomp-ccomp-xcomp	1
below-pcomp	1
bodies-nsubj	1
brother-rcmod	1
brothers-dobj	1
businesses-pobj	1
by-prep	1
by-prep-dobj-nn	1
campers,-pcomp-prep	1
campers,-pcomp-prep-xcomp	1
captors-conj-pobj-prep-nsubj-ccomp	1
channels-dobj-mark-ref-prep-pobj	1
cheaper-ccomp	1
circles"-pobj	1
circles"-pobj-prep-rcmod	1
circles-pobj-prep	1
citizens-amod	1
citizens-conj-ref-nsubj	1
commander-nsubj	1
commander-pobj-prep	1
commands-vmod	1
commissioner-nsubj-rcmod	1
communities,"-pobj-prep	1
communities.-pobj-prep	1
community-conj-nsubj	1
community-conj-nsubj-dobj	1
community-dep-nsubj	1
community-nsubj	2
community-nsubj-conj	1
community-nsubj-dobj	1
community-pobj	3
community-pobj-prep-nsubj-ccomp-conj-vmod-advmod	1
community-rcmod	1
community.-pobj	1
community.-pobj-prep	2
community.-pobj-prep-nsubj-dobj-ccomp-pcomp-prep-pcomp-prep	1
companies-nsubj	1
companies-pobj-prep	1
companies-pobj-prep-pobj-prep-xcomp	1
companies.-pobj	1
company-nsubj-rcmod	1
company-nsubj-rcmod-pobj-prep-nsubj-ref-pobj	1
complainers-nsubjpass	1
congregation-nsubj	1
continent-nsubjpass	1
continent-nsubjpass-ccomp-conj	1
continent-nsubjpass-ccomp-conj-xcomp	1
corps-amod	1
correspondent-dobj-vmod-nsubj-ccomp	1
council-nsubj	1
countries,-pobj-prep	1
countries,-pobj-prep-conj-rcmod	1
countries-nsubj	5
countries-nsubj-ccomp	1
countries-nsubj-prep-pobj	1
countries-pobj	2
countries-pobj-prep	2
countries-pobj-prep-dobj	1
countries-pobj-prep-nsubj-nsubj-advcl	1
countries-pobj-prep-xcomp	1
countries-rcmod	2
countries-vmod	1
countries.-pobj	2
countries.-pobj-prep	3
countrires-nsubj	1
country-dobj-csubj	1
country-dobj-csubj-prep-pobj	1
country-nsubj	6
country-nsubj-conj	1
country-nsubjpass	1
country-nsubjpass-prep-pobj-ref-dobj-pcomp-prep-pobj-prep	1
country-vmod	1
creditors'-amod	1
creditors-nsubj-prep	1
critics-nsubj-xcomp-ccomp-advcl	1
critics-pobj	1
current-amod-nsubj-amod	1
current-amod-rcmod-ccomp-nsubj	1
defence-nn-nsubj-dep-nsubj-prep-pobj-amod	1
delegation-nsubj-xcomp	1
delegation-nsubj-xcomp-ccomp	1
delegation-ref-nsubj-ccomp	1
department-nsubj-ccomp	2
detainees-nsubj	1
developed-nsubj	1
digerati.-pobj-prep	1
diplomats-pobj-pcomp-prep-dep	1
document-nsubj	1
earth,-rcmod	1
environmental-amod	2
environmental-amod-pobj-prep-pobj-prep-nsubj-vmod	1
environmentalists,-pobj-prep-rcmod	1
environmentalists-nsubj	1
everyone-nsubj-ccomp	1
everyone-vmod	1
executives-amod	1
executives-nsubj	1
executives-prep-pobj-ref-nsubjpass-prep-pobj-vmod-dobj-amod	1
experts-npadvmod-amod-predet	1
experts-nsubj-rcmod	1
experts-num	1
experts-pobj	1
experts-pobj-prep-dobj	1
experts.-dobj-dep-pobj	1
family-pobj-prep	1
family-pobj-prep-vmod-dobj-ccomp-nsubj-nn	1
figures-pobj-prep-rcmod	1
firm-nsubjpass	1
followers-nsubj	1
forces-pobj	1
forces-rcmod	1
foundation-nsubj	1
fund's-nn	1
fund-nsubj	1
fund-nsubj-dep	1
gang-iobj-advcl-nsubj-rcmod	1
general-nsubj	2
generals,-amod	1
government's-amod	1
government's-nsubj-ccomp	1
government,-det	1
government-dobj-dep	1
government-nn-pobj-prep-nsubj-ref-dobj	1
government-nn-pobj-prep-nsubj-ref-dobj-pcomp-prep	1
government-nsubj	17
government-nsubj-ccomp-dobj	1
government-nsubj-ccomp-pcomp-prep-pobj-prep-aux	1
government-nsubj-ccomp-prep-pobj	1
government-nsubj-prep-pobj-vmod-ccomp	1
government-nsubj-xcomp-dobj	1
government-nsubj-xcomp-prep-pcomp	1
government-pobj-prep	2
government-pobj-prep-advcl-nsubj-prep-pobj	1
government-pobj-prep-nsubj-prep-pobj-vmod	1
government-rcmod	2
government-ref-nsubj-advcl-dobj-prep-pcomp-prep-pobj	1
government-vmod	1
government."-pobj-prep-pobj	1
government.-pobj-prep	1
governments-nsubj	1
group-dobj	1
group-nsubj	1
groups,-ref-nsubj-ccomp	1
groups-nsubj	5
groups-pobj-prep	1
groups-rcmod	1
guests-nsubj	1
he-dep	3
he-dep-amod-pobj-prep-pobj-prep-ccomp-ccomp-vmod-dobj	1
he-dep-dep	3
he-dobj	2
he-dobj-dep-conj-prep-pobj-rcmod	1
he-dobj-vmod-pobj-prep-nsubj	1
he-npadvmod-amod-conj	1
he-npadvmod-amod-conj-pobj-prep-rcmod-dobj	1
he-nsubj	98
he-nsubj-advcl	3
he-nsubj-advcl-dep	1
he-nsubj-advcl-pcomp-prep-nsubj-ccomp-ccomp	1
he-nsubj-advcl-pcomp-prep-nsubj-ccomp-ccomp-conj	1
he-nsubj-advcl-pcomp-prep-nsubj-ccomp-ccomp-dobj-prep-pobj	1
he-nsubj-advcl-prep-pobj	1
he-nsubj-cc	1
he-nsubj-ccomp	16
he-nsubj-ccomp-advcl-dep-ccomp-advcl-dobj	1
he-nsubj-ccomp-amod-pobj-prep-nsubj-nsubj-conj-dobj	1
he-nsubj-ccomp-amod-pobj-prep-xcomp	1
he-nsubj-ccomp-ccomp	2
he-nsubj-ccomp-ccomp-conj	1
he-nsubj-ccomp-ccomp-nsubj-amod	1
he-nsubj-ccomp-ccomp-nsubj-nsubj-ccomp-nsubj	1
he-nsubj-ccomp-conj-ccomp	1
he-nsubj-ccomp-conj-pcomp	1
he-nsubj-ccomp-dep-dobj	1
he-nsubj-ccomp-nsubj-ref-nsubj-ccomp	1
he-nsubj-ccomp-vmod-vmod	1
he-nsubj-ccomp-xcomp-nsubj-nsubjpass-ccomp-xcomp	1
he-nsubj-conj	1
he-nsubj-conj-advcl-ccomp-conj	1
he-nsubj-conj-prep-pobj	1
he-nsubj-dep	3
he-nsubj-dep-dobj-prep-pobj	1
he-nsubj-dobj	3
he-nsubj-dobj-poss-ref-pobj-prep-nsubj	1
he-nsubj-dobj-rcmod	1
he-nsubj-dobj-ref-conj-pobj	1
he-nsubj-dobj-ref-conj-pobj-prep-advcl-nsubj-ref-nsubj	1
he-nsubj-dobj-ref-nsubj-dep	1
he-nsubj-dobj-ref-pobj	1
he-nsubj-dobj-ref-pobj-prep-conj-nsubj-ccomp	1
he-nsubj-dobj-ref-pobj-prep-conj-nsubj-prep-pobj	1
he-nsubj-dobj-ref-rcmod-prep-pobj	1
he-nsubj-dobj-vmod	1
he-nsubj-dobj-vmod-vmod	1
he-nsubj-parataxis	1
he-nsubj-pcomp	1
he-nsubj-pcomp-prep	2
he-nsubj-pcomp-prep-dobj-pcomp-prep-dobj	2
he-nsubj-pcomp-prep-vmod-conj-vmod	1
he-nsubj-prep	1
he-nsubj-prep-pcomp	1
he-nsubj-prep-pcomp-ccomp	1
he-nsubj-prep-pobj-cc	1
he-nsubj-prep-pobj-nsubj-nsubj-conj-ccomp-prep-pobj-ref-nsubj-dobj-nsubj-ccomp-prep	1
he-nsubj-prep-pobj-nsubj-nsubj-xcomp-conj-prep	1
he-nsubj-prep-pobj-vmod	1
he-nsubj-prep-pobj-xcomp	1
he-nsubj-rcmod	15
he-nsubj-rcmod-dep-cop	1
he-nsubj-rcmod-dobj	1
he-nsubj-rcmod-dobj-ccomp	1
he-nsubj-rcmod-dobj-xcomp	1
he-nsubj-rcmod-dobj-xcomp-pcomp-prep	1
he-nsubj-rcmod-nsubj	1
he-nsubj-rcmod-pobj-prep-advcl	1
he-nsubj-rcmod-pobj-prep-conj-vmod	1
he-nsubj-rcmod-pobj-prep-dep-nsubj-rcmod	1
he-nsubj-rcmod-pobj-prep-nsubj-ref-pobj-prep	1
he-nsubj-rcmod-prep-pobj	1
he-nsubj-vmod	1
he-nsubj-xcomp	22
he-nsubj-xcomp-advcl	2
he-nsubj-xcomp-ccomp	4
he-nsubj-xcomp-ccomp-conj	1
he-nsubj-xcomp-ccomp-pcomp	1
he-nsubj-xcomp-ccomp-pcomp-prep-xcomp	1
he-nsubj-xcomp-ccomp-xcomp	1
he-nsubj-xcomp-dobj	1
he-nsubj-xcomp-nsubj-dobj-advcl	1
he-nsubj-xcomp-nsubj-nsubjpass-ccomp	1
he-nsubj-xcomp-nsubj-poss-ref-pobj-prep-pobj-prep-dobj	1
he-nsubj-xcomp-pcomp-prep-dobj-conj	1
he-nsubj-xcomp-pcomp-prep-nsubj-ccomp	1
he-nsubj-xcomp-pcomp-prep-pobj	1
he-nsubj-xcomp-pcomp-prep-pobj-prep-pobj	1
he-nsubj-xcomp-pcomp-prep-pobj-prep-pobj-prep-dobj-nsubj-ref-nsubj-dep-conj	1
he-nsubj-xcomp-prep-pobj-prep-pcomp-dobj-rcmod-ccomp	1
he-nsubj-xcomp-vmod	1
he-nsubj-xcomp-xcomp-ccomp	1
he-nsubj-xcomp-xcomp-vmod-pobj-prep-xcomp-xcomp	1
he-nsubjpass	3
he-nsubjpass-conj	1
he-rcmod	1
he-xcomp-dep	1
he-xcomp-xcomp	1
he-xcomp-xcomp-dep-nsubj	1
head-nsubj	3
head-nsubj-ccomp-nsubj-rcmod-dobj-rcmod	1
hearts-nsubj	1
her-poss	2
her-poss-pobj-prep	1
him-dobj	2
him-dobj-prep-pcomp	1
him-dobj-prep-pobj-ref-pobj-prep-dep-rcmod	1
him-nsubj	1
his-nsubj	1
his-nsubj-dobj-prep-pobj-nn	1
his-nsubj-pcomp-prep	1
his-poss	35
his-poss-amod	1
his-poss-conj	1
his-poss-conj-pobj-prep	1
his-poss-conj-pobj-prep-conj-pobj-prep	1
his-poss-conj-pobj-prep-xcomp-vmod	1
his-poss-dobj	3
his-poss-dobj-conj	2
his-poss-dobj-prep-pcomp-dobj	1
his-poss-dobj-vmod-nsubj	1
his-poss-dobj-vmod-nsubj-ccomp-nsubj-nsubj-advcl	1
his-poss-dobj-vmod-pcomp-prep	1
his-poss-dobj-xcomp	1
his-poss-pobj-pcomp-prep-dobj	1
his-poss-pobj-prep	1
his-poss-pobj-prep-advcl	1
his-poss-pobj-prep-advmod	1
his-poss-pobj-prep-advmod-nsubj	1
his-poss-pobj-prep-ccomp	2
his-poss-pobj-prep-ccomp-prep	1
his-poss-pobj-prep-conj-dobj-prep-pcomp	1
his-poss-pobj-prep-nsubjpass-ref-nsubj	1
his-poss-pobj-prep-pobj-prep	1
his-poss-pobj-prep-prep-pobj	1
his-poss-pobj-prep-rcmod	1
his-poss-vmod-prep-pcomp-pobj-vmod-ccomp	1
his-poss-vmod-prep-pobj-ref-nsubj-ccomp-nsubj	1
his-poss-vmod-prep-pobj-ref-nsubj-ccomp-prep-pobj	1
humankind-vmod	1
in-prep-vmod-nsubj-ccomp	1
in-prep-vmod-nsubj-ccomp-xcomp-prep-pobj	1
industry-nsubj	1
initiative-rcmod-conj	1
inmate-nsubj	2
institution-nsubj-rcmod	1
international-amod	7
international-amod-pobj	1
island-nsubj-dep-xcomp	1
it-amod	1
it-dobj	1
it-dobj-nsubj-ref-pobj-prep-prep-pobj	1
it-nsubj	45
it-nsubj-advcl	1
it-nsubj-advcl-dobj	1
it-nsubj-advcl-pcomp-prep-nsubj-ref-dobj-tmod	1
it-nsubj-advcl-pcomp-prep-nsubj-ref-pobj-prep-xcomp	1
it-nsubj-advmod	1
it-nsubj-ccomp	4
it-nsubj-ccomp-ccomp	1
it-nsubj-ccomp-nsubj-ref-nsubj-ccomp	1
it-nsubj-ccomp-vmod-nsubj-amod	1
it-nsubj-conj	2
it-nsubj-dep	1
it-nsubj-dep-conj	1
it-nsubj-pcomp-prep-advmod-conj	1
it-nsubj-prep-pobj-prep-pobj	1
it-nsubj-prep-pobj-ref-nsubj	1
it-nsubj-rcmod	4
it-nsubj-xcomp	2
it-nsubj-xcomp-xcomp	1
it-nsubjpass	2
it-pobj-prep-rcmod	1
it-pobj-prep-rcmod-pobj-prep-ccomp-conj	1
its-poss	19
its-poss-conj	1
its-poss-conj-dobj-vmod-nsubj-dobj-nsubj-dobj-prep-pobj	1
its-poss-conj-pobj-prep-vmod-pobj-prep-dobj	1
its-poss-dobj-ccomp	1
its-poss-dobj-conj-vmod	1
its-poss-dobj-pcomp	1
its-poss-dobj-pcomp-prep-dep-dobj	1
its-poss-dobj-prep-pobj-prep-pcomp-prep-pobj-amod	1
its-poss-pobj-prep-dobj	1
its-poss-pobj-prep-nsubj-advcl	1
its-poss-prep-pobj	1
its-poss-vmod-prep-pobj-rcmod-acomp-prep-pobj	1
itself-nsubj	1
launderers.-pobj-prep	1
lawmaker-pobj-prep-pcomp-prep-nsubj-dep	1
lawmakers-ccomp	1
lawmakers-conj	1
lawmakers-nsubj	2
lawyers,-pobj-pcomp-prep-conj-conj	1
leader-dep-pobj-prep	1
leader-dobj-advmod	2
leader-nsubj	1
leader-nsubj-cc-preconj-conj-dobj-prep-pcomp-xcomp	1
leader-nsubj-dobj-ref-dobj-advcl-vmod	1
leader-nsubj-dobj-ref-dobj-advcl-vmod-pobj-prep-vmod-nsubj	1
leader-pobj-prep-pobj-prep	1
leader-pobj-prep-xcomp	1
leader-rcmod	1
leaders,-pobj-prep-nsubj	1
leaders-nsubj	3
leaders-nsubj-advcl-pcomp-prep-advcl-dep	1
leaders-pobj	2
leaders-pobj-prep	1
leaders-pobj-prep-cc	1
leaders-prep-pobj-vmod	1
leaders-prep-pobj-vmod-xcomp-xcomp	1
leaders:-pobj-prep-pobj-prep-nsubj-dep	1
leadership-nsubj	1
leadership-pobj-prep-nsubj	1
like-ccomp	1
mainland-amod	1
many-amod-nsubj	1
marchers-nsubj	1
masses-dobj	1
me,"-nsubj	1
me-nsubj	1
media.-pobj	1
meeting-pobj-prep-pobj-prep-nsubj	1
members-nsubj	2
members-nsubj-ccomp-dobj	1
members-pobj-prep	1
members-pobj-prep-pobj-prep	1
men-vmod	1
mentors.-amod	1
militants-amod	2
militants-rcmod	1
minister-dobj	1
minister-dobj-dep	1
minister-dobj-vmod-nsubj-ccomp	1
minister-nsubj-dobj	1
minister-nsubj-dobj-vmod-prep-pobj-vmod	1
ministerial-amod	1
ministers-nsubj	1
ministers-vmod	1
ministers-vmod-xcomp-prep-pobj-ref-nsubj-xcomp-conj-vmod-prep-pobj-prep-pobj-vmod	1
ministry-nsubj-advcl	1
missions,-prep-pobj-rcmod	1
monitors-pobj-prep-dobj	1
most-nsubj	1
my-poss	1
my-poss-pobj-prep-nsubj	1
nation's-amod	1
nation,-pobj-prep	1
nation-rcmod	1
nation-ref-nsubj-ccomp	1
national-amod-rcmod	1
nations-pobj-prep-nsubj	1
nations.-pobj-prep	1
neighborhoods-dep-dep	1
networks-pobj-prep-pobj-prep-nsubj	1
networks-pobj-prep-pobj-prep-nsubj-rcmod	1
newspaper-nsubj	1
nobody-rcmod-ccomp	1
observers-nsubj	2
observers-nsubj-advcl-vmod	1
observers-nsubj-advcl-vmod-nsubjpass	1
observers-nsubj-advcl-vmod-nsubjpass-vmod	1
of-pcomp	1
officers-nsubj	1
officers-nsubjpass-dep	2
officers-nsubjpass-nsubjpass-tmod-xcomp-conj	1
offices-nsubj	1
official,-rcmod	1
official-nsubj	1
official-nsubj-ccomp-nsubj-nsubj-dobj	1
official-nsubj-conj	1
official-nsubj-rcmod-pobj-prep	1
official-nsubj-xcomp-prep-pobj-vmod-dep	1
officials,-pobj-prep	1
officials-amod	1
officials-dobj-vmod-nsubj	1
officials-dobj-vmod-pobj-prep-nsubj-dobj	1
officials-npadvmod-dep	1
officials-nsubj	5
officials-num	2
officials-pobj-prep-ccomp	2
officials.-pobj-prep	2
one-nsubj	1
one-nsubj-advcl-ccomp	1
one-num	1
one-rcmod	1
opinion-nsubj	1
opposition's-nsubj	1
opposition-dobj	1
opposition-nsubj	1
opposition-nsubj-conj	1
opposition-nsubj-prep-pcomp	1
opposition-pobj-prep-dobj	1
organisations-nsubj	1
organisations-nsubj-ccomp-conj-pcomp-xcomp	1
organisations-nsubj-vmod	1
organizations,-pobj	1
organizations-nsubj	1
others-pobj	1
our-poss	7
our-poss-pobj-prep-pobj-prep-ccomp-rcmod-dobj-xcomp	1
our-poss-pobj-prep-pobj-prep-conj	1
parties-nsubj	1
parties-pobj-prep-conj-xcomp	1
parties-pobj-prep-xcomp	1
party-conj	1
party-nsubj	1
party-nsubj-advcl	1
people's-amod	1
people,-prep-pobj-amod-xcomp	1
people-det	4
people-dobj	1
people-dobj-dep	1
people-dobj-vmod	1
people-dobj-vmod-vmod-nn	1
people-iobj-dobj	1
people-nsubj	16
people-nsubj-ccomp	1
people-nsubj-ccomp-advcl	1
people-nsubj-ccomp-ccomp	1
people-nsubj-ccomp-ccomp-ccomp-prep	1
people-nsubj-dep	1
people-nsubj-dep-xcomp	1
people-nsubj-rcmod-ccomp	1
people-nsubj-rcmod-nsubj-nn	1
people-nsubj-rcmod-prep-pobj	1
people-nsubj-rcmod-ref-mark-advcl-xcomp	1
people-pobj	5
people-pobj-prep	3
people-pobj-prep-nsubj-ccomp-vmod	1
people-pobj-prep-nsubj-xcomp-ccomp	1
people-pobj-prep-nsubjpass-prep-pobj-prep-pobj-rcmod-ccomp	1
people-pobj-prep-xcomp	1
people-rcmod	2
people-rcmod-ccomp	1
people-ref	1
people-ref-nsubj-xcomp-dobj	1
people-vmod	1
people.-pobj	1
people.-pobj-prep	1
people.-pobj-prep-pobj-prep-rcmod	1
personnel-pobj-prep-pcomp	1
personnel-rcmod	1
policies-pobj	1
politicians-prep	1
poll-pobj-pcomp-prep-vmod-pobj-prep	1
power-pobj-prep-dobj-amod	1
power.-pobj-prep	1
president's-ccomp	1
president,-nsubj	1
president-dep-pobj-pcomp-prep	1
president-dobj-vmod	1
president-nsubj	4
president-nsubj-dobj-prep-pobj-amod	1
president-nsubj-rcmod-prep-pcomp	1
president-nsubj-rcmod-prep-pcomp-conj	1
president-vmod	1
president-vmod-prep-pobj	1
president.-pobj	1
press,-vmod-prep-pcomp-dobj	1
press.-pobj-prep-advcl-vmod	1
prisoners-nsubj	1
prisoners-prep	1
producers-pobj	1
protesters-nsubj	1
public-amod	1
reactions,-amod	1
regional-amod	1
report,-nsubj	1
report,-nsubj-ccomp-ccomp	1
report,-rcmod	1
report-ccomp	1
report-det	1
report-dobj-advmod	1
report-nsubj	1
report-nsubj-ccomp	1
report-nsubj-prep-pcomp	1
report-nsubj-prep-pcomp-ccomp	1
report-pobj	2
report-pobj-prep	1
report-pobj-prep-nsubj-ccomp	2
report-rcmod	1
report-vmod-prep-pobj-rcmod	2
reports-nsubj	1
reports-nsubj-xcomp-dep-conj-ccomp-dobj-rcmod	1
representative-dobj	1
representative-dobj-dep	1
representatives-nsubj	1
representatives-pobj-prep	1
residents-amod	1
residents-vmod	1
rural-amod	1
scientists-pobj	1
separatists-rcmod	1
settlers-nn	1
sharpshooters-amod	1
she-nsubj	7
she-nsubj-advcl	1
she-nsubj-ccomp	3
she-nsubj-ccomp-conj	1
she-nsubj-dep-conj	1
she-nsubj-dep-conj-prep-pobj-conj-rcmod	1
she-nsubj-prep-pobj	1
she-nsubj-rcmod	3
she-nsubj-rcmod-conj-dobj	1
she-nsubj-rcmod-dobj-ccomp	1
she-nsubj-rcmod-pobj-prep-vmod-dobj-xcomp-dobj-amod	1
she-nsubj-xcomp	2
she-nsubjpass	1
she-xcomp	1
side-dobj	1
side-dobj-dep-conj-prep-pobj-vmod	1
sides-nsubj	1
sides-nsubj-prep-pobj-conj	1
sides-pobj-prep-pobj-prep-vmod	1
sides-pobj-prep-pobj-prep-vmod-conj-rcmod	1
sides-pobj-prep-pobj-prep-vmod-conj-rcmod-nsubj-nsubj-dobj	1
sign.-nsubj-dep	1
signatories-pobj-prep-dobj-nsubj-ref-rcmod-prep-pobj	1
soldiers-amod	1
some-dobj-pcomp-prep-dep	1
some-dobj-pcomp-prep-dep-dobj-ref-nsubj-ccomp	1
some-nsubj	1
some-nsubj-dobj-ref-nsubj	1
some-rcmod	1
source).-dobj-ccomp	1
sources-nsubj	1
sources-nsubj-ccomp	1
sources-nsubj-ccomp-acomp-prep-pobj	1
sources-pobj-prep-vmod-pobj-prep-pobj-prep-ccomp	1
spokesman-nsubj-ccomp	1
spokesman-pobj	1
spokesman-pobj-prep-nsubj	1
spokeswoman-nsubj	1
staff-nsubj	1
state-nsubj	1
statement-dobj-vmod-pobj-prep-ccomp	1
statement-nsubj-ccomp	1
states-nsubj	1
statesman,-dobj-nsubj	1
students-nsubj	1
study-nsubj	1
summit-nsubj	1
summit-nsubj-dobj-ref-nsubj-dobj	1
superpower-nsubj-ccomp-xcomp-dobj	1
supporters,-nn-nn	1
supporters-amod-amod	2
supporters-dobj	1
supporters-nn-nn	1
supporters-nsubj	2
supporters-nsubj-ccomp	1
supporters-nsubj-ccomp-conj	1
supporters-nsubj-xcomp	1
supporters-pobj-prep-nsubj	1
sympathizers.-pobj-prep-vmod-pobj-prep-dobj-nsubjpass-nn	1
table.-pobj-pcomp-prep-vmod-parataxis	1
team-nsubj	2
team-nsubj-dep-ccomp	1
the-dep-dep	1
the-det	29
the-det-conj-nsubj	1
the-det-dep-pobj-prep-nsubjpass-ref-pobj	1
the-det-dobj	9
the-det-dobj-advcl-nsubj-ref-dobj-nsubj-ref-dobj-ccomp	1
the-det-dobj-conj	1
the-det-dobj-pcomp-prep-pobj-prep-pobj-prep	1
the-det-dobj-prep-pcomp-vmod-dobj-nn	1
the-det-dobj-xcomp-prep-pobj-conj-ref-nsubj-dobj-rcmod	1
the-det-nn	1
the-det-nsubj	10
the-det-nsubj-advcl	2
the-det-nsubj-advcl-dobj-vmod	1
the-det-nsubj-ccomp	3
the-det-nsubj-ccomp-ccomp-prep-pcomp	1
the-det-nsubj-ccomp-dep	1
the-det-nsubj-ccomp-dobj-rcmod	1
the-det-nsubj-ccomp-prep-pobj-ref-dobj-nsubj-dobj-nsubj-dobj-pcomp-prep-conj	1
the-det-nsubj-conj-prep	1
the-det-nsubj-dep-ccomp	1
the-det-nsubj-dep-conj-xcomp	1
the-det-nsubj-dobj	1
the-det-nsubj-dobj-prep-pcomp-dep	1
the-det-nsubj-dobj-prep-pcomp-dep-conj	1
the-det-nsubj-dobj-rcmod	1
the-det-nsubj-vmod-prep-pcomp-vmod-ccomp	1
the-det-nsubjpass	1
the-det-pobj	1
the-det-pobj-pcomp-prep	1
the-det-pobj-prep	2
the-det-pobj-prep-conj	2
the-det-pobj-prep-dep	1
the-det-pobj-prep-nsubj	1
the-det-pobj-prep-rcmod-rcmod	1
the-det-pobj-prep-vmod-pobj-prep	1
the-det-rcmod	1
the-det-ref-nsubj-prep-pcomp	1
the-det-xcomp	1
their-poss	12
their-poss-conj	1
their-poss-conj-dobj-nsubj-ref-pobj-prep	1
their-poss-conj-dobj-nsubj-ref-pobj-prep-prep-pobj	1
their-poss-dobj	1
their-poss-dobj-conj	1
their-poss-dobj-nsubj-ccomp-nsubj-amod	1
their-poss-dobj-prep-pcomp-dobj	1
their-poss-dobj-prep-pcomp-dobj-amod	1
their-poss-dobj-vmod-nsubj-rcmod	1
their-poss-nsubj-prep-pobj-amod	1
their-poss-pobj-prep-dobj-csubj	1
their-poss-pobj-prep-nsubj	1
them-dobj-nsubj-nsubj-xcomp-xcomp-dobj	1
them-iobj-dobj-vmod-prep-conj-pobj	1
them-iobj-dobj-vmod-prep-pcomp-dobj-rcmod-dobj-prep-pobj	1
them-iobj-dobj-vmod-prep-pcomp-dobj-rcmod-dobj-prep-pobj-prep-pcomp	1
them-iobj-dobj-vmod-prep-pcomp-dobj-rcmod-dobj-prep-pobj-prep-pcomp-dobj-prep-pcomp	1
them-nsubj	3
them-pobj-prep	1
them.-pobj-prep	1
themselves,-pobj-pcomp-prep-vmod-ccomp	1
these-det	2
these-det-dobj	1
they'd-nsubj	1
they're-nn-nn	1
they've-nsubj-conj	1
they-dep	2
they-dobj	1
they-dobj-advcl-dep	1
they-nsubj	66
they-nsubj-advcl	4
they-nsubj-advcl-advmod	1
they-nsubj-advcl-nsubj	1
they-nsubj-ccomp	10
they-nsubj-ccomp-ccomp-xcomp	1
they-nsubj-ccomp-dep-rcmod-advcl-xcomp	1
they-nsubj-ccomp-nsubj-prep-pobj-rcmod	1
they-nsubj-ccomp-prep-pobj-rcmod-prep-pcomp	1
they-nsubj-ccomp-xcomp	2
they-nsubj-conj	9
they-nsubj-dep-dobj	1
they-nsubj-dep-nsubj	1
they-nsubj-dobj	1
they-nsubj-dobj-dep	1
they-nsubj-dobj-rcmod-vmod-acomp-ccomp	1
they-nsubj-dobj-ref-dobj	1
they-nsubj-dobj-ref-dobj-nsubj-nsubj-ccomp-conj	2
they-nsubj-dobj-ref-dobj-xcomp	1
they-nsubj-dobj-ref-pobj-prep-pcomp-prep	1
they-nsubj-iobj	1
they-nsubj-mark	1
they-nsubj-parataxis-ccomp-xcomp	1
they-nsubj-pcomp-prep-ccomp	1
they-nsubj-pcomp-prep-conj-xcomp	1
they-nsubj-prep-pobj-ref-pobj-prep	1
they-nsubj-rcmod	1
they-nsubj-rcmod-conj-pobj-prep-vmod-pobj-prep-dobj-xcomp	1
they-nsubj-rcmod-dobj	1
they-nsubj-rcmod-dobj-vmod-conj-pobj-prep-nsubj-ref-dobj-ccomp-vmod	1
they-nsubj-rcmod-pobj-prep-nsubjpass-advcl	1
they-nsubj-rcmod-pobj-prep-vmod	1
they-nsubj-xcomp-pcomp-prep-vmod	1
they-nsubjpass	2
they-nsubjpass-advcl	1
they-nsubjpass-advmod	1
they-nsubjpass-ccomp-advcl-xcomp	1
they-nsubjpass-conj-conj	1
this,-ccomp	1
this,-ccomp-ccomp	1
those-dobj-conj	1
those-pobj-prep-pobj-prep-dep-ccomp	1
those-rcmod	3
those-ref-nsubj-ccomp-ccomp	1
thousands-nsubj	1
toughs-pobj-prep	1
troika-pobj	1
two-pobj	1
us-nsubj	1
us-nsubj-dobj	1
us-pobj	2
us-pobj-prep-nsubj-conj	1
us-pobj-prep-nsubj-conj-dep-nsubj-dep-conj-nsubj-vmod-prep-pobj-ref-nsubj-conj	1
us-pobj-prep-nsubj-conj-dep-nsubj-dep-dobj	1
vet-nsubj	1
veterans-nsubj-prep-pobj-rcmod-nsubj	1
vote,-rcmod	1
vote,-ref-nsubj-prep-pobj-vmod	1
voter's-amod	1
voters'-num	1
voters,-nn-pobj-prep-dobj	1
waste,-nn	1
we-conj-nsubj	1
we-dep	1
we-dep-nsubj-dep-pcomp-prep	1
we-dep-nsubj-dobj-nsubj-advcl	2
we-nsubj	47
we-nsubj-advcl-conj	1
we-nsubj-advcl-nsubj	1
we-nsubj-ccomp	2
we-nsubj-ccomp-ccomp	1
we-nsubj-ccomp-dep-rcmod	1
we-nsubj-ccomp-nsubj-nn	1
we-nsubj-conj	1
we-nsubj-conj-dep-rcmod-pobj-prep-pobj-prep-nsubj	1
we-nsubj-conj-dep-xcomp	1
we-nsubj-conj-xcomp	1
we-nsubj-dep	3
we-nsubj-dobj-rcmod	1
we-nsubj-prep-pobj-vmod	1
we-nsubj-prep-pobj-vmod-prep	2
we-nsubj-rcmod-dobj	1
we-nsubj-rcmod-pobj	1
we-nsubj-rcmod-pobj-prep-xcomp-conj	1
we-nsubjpass	1
well-cc	1
when-advmod	2
when-advmod-advcl	3
when-advmod-advcl-ccomp	1
when-advmod-ccomp	2
when-advmod-xcomp-vmod-ccomp	1
whether-mark	1
who-nsubj	12
who-ref	1
who-ref-dobj	2
who-ref-pobj-prep-advmod-ccomp-advmod-prep-pobj-rcmod	1
who-ref-rcmod-nsubj-nsubj-prep-pobj-vmod	1
within-prep	1
world-dobj	2
world-dobj-prep-pobj-prep-pobj-vmod-ccomp	1
world-nn	1
world-pobj-prep	2
world-pobj-prep-dobj-vmod-dobj	1
world-vmod	1
world.-pobj	1
world.-pobj-prep-dobj	2
world.-pobj-prep-xcomp-xcomp-ccomp	1
you're-pobj	1
you,-nn-pobj	1
you-conj	1
you-dobj	1
you-dobj-dep-prep	1
you-dobj-prep-pobj-vmod	1
you-nsubj	10
you-nsubj-ccomp	3
you-nsubj-ccomp-conj	1
you-nsubj-ccomp-vmod-vmod-iobj	1
you-nsubj-conj	2
you-nsubj-conj-nsubj-nsubj-xcomp-conj-conj	1
you-nsubj-dep-nsubj	1
you-nsubj-dobj-nsubj-advcl	1
you-nsubj-xcomp	1
you-nsubj-xcomp-ccomp-xcomp	1
you-nsubjpass	1
you-pobj-prep-xcomp	1
your-poss-amod	1
your-poss-prep-pobj	1
youth-nsubj	1
10,000-num-nsubj	1
10,000-num-nsubj-rcmod-pobj-prep-dobj	1
10,000-num-nsubj-rcmod-pobj-prep-nsubj-dep-prep-pcomp	1
